{"cameraMode":{"drawMode":0,"name":"Shaded","section":"Shading Mode"},"sceneLighting":true,"audioPlay":false,"sceneViewState":{"m_AlwaysRefresh":false,"showFog":true,"showSkybox":true,"showFlares":true,"showImageEffects":true,"showParticleSystems":true,"showVisualEffectGraphs":true,"m_FxEnabled":true},"in2DMode":false,"pivot":{"x":8.403898239135743,"y":0.8017196655273438,"z":-11.417482376098633},"rotation":{"x":-0.2620169520378113,"y":0.15749621391296388,"z":-0.043386444449424747,"w":-0.9511384963989258},"size":28.23983383178711,"orthographic":false}