{"cameraMode":{"drawMode":0,"name":"Shaded","section":"Shading Mode"},"sceneLighting":true,"audioPlay":false,"sceneViewState":{"m_AlwaysRefresh":false,"showFog":true,"showSkybox":true,"showFlares":true,"showImageEffects":true,"showParticleSystems":true,"showVisualEffectGraphs":true,"m_FxEnabled":true},"in2DMode":false,"pivot":{"x":14.662857055664063,"y":17.66744613647461,"z":-25.516414642333986},"rotation":{"x":-0.30180665850639346,"y":0.33658820390701296,"z":-0.11484210193157196,"w":-0.8845565319061279},"size":5.860138416290283,"orthographic":false}