{"cameraMode":{"drawMode":0,"name":"Shaded","section":"Shading Mode"},"sceneLighting":true,"audioPlay":false,"sceneViewState":{"m_AlwaysRefresh":false,"showFog":true,"showSkybox":true,"showFlares":true,"showImageEffects":true,"showParticleSystems":true,"showVisualEffectGraphs":true,"m_FxEnabled":true},"in2DMode":false,"pivot":{"x":-22.56470489501953,"y":-13.635917663574219,"z":16.814395904541017},"rotation":{"x":-0.21191611886024476,"y":0.3259563744068146,"z":-0.07522374391555786,"w":-0.9182569980621338},"size":39.138572692871097,"orthographic":false}