{"cameraMode":{"drawMode":0,"name":"Shaded","section":"Shading Mode"},"sceneLighting":true,"audioPlay":false,"sceneViewState":{"m_AlwaysRefresh":false,"showFog":true,"showSkybox":true,"showFlares":true,"showImageEffects":true,"showParticleSystems":true,"showVisualEffectGraphs":true,"m_FxEnabled":true},"in2DMode":false,"pivot":{"x":-15.788925170898438,"y":-28.897937774658204,"z":-0.23292922973632813},"rotation":{"x":-0.30922234058380129,"y":0.3978945016860962,"z":-0.14448121190071107,"w":-0.8515844941139221},"size":38.11918640136719,"orthographic":false}